<?xml version="1.0" encoding="UTF-8"?>
<GenRun Id="impl_1" LaunchPart="xc7z010clg400-1" LaunchTime="1537586551">
  <File Type="ROUTE-PWR" Name="uart_power_routed.rpt"/>
  <File Type="PA-TCL" Name="uart.tcl"/>
  <File Type="PWROPT-DCP" Name="uart_pwropt.dcp"/>
  <File Type="ROUTE-PWR-SUM" Name="uart_power_summary_routed.pb"/>
  <File Type="REPORTS-TCL" Name="uart_reports.tcl"/>
  <File Type="BG-DRC" Name="uart.drc"/>
  <File Type="OPT-HWDEF" Name="uart.hwdef"/>
  <File Type="OPT-DCP" Name="uart_opt.dcp"/>
  <File Type="OPT-DRC" Name="uart_drc_opted.rpt"/>
  <File Type="PLACE-DCP" Name="uart_placed.dcp"/>
  <File Type="PLACE-IO" Name="uart_io_placed.rpt"/>
  <File Type="PLACE-UTIL" Name="uart_utilization_placed.rpt"/>
  <File Type="PLACE-UTIL-PB" Name="uart_utilization_placed.pb"/>
  <File Type="PLACE-CTRL" Name="uart_control_sets_placed.rpt"/>
  <File Type="PLACE-PRE-SIMILARITY" Name="uart_incremental_reuse_pre_placed.rpt"/>
  <File Type="POSTPLACE-PWROPT-DCP" Name="uart_postplace_pwropt.dcp"/>
  <File Type="PHYSOPT-DCP" Name="uart_physopt.dcp"/>
  <File Type="BG-BIT" Name="uart.bit"/>
  <File Type="ROUTE-ERROR-DCP" Name="uart_routed_error.dcp"/>
  <File Type="ROUTE-DCP" Name="uart_routed.dcp"/>
  <File Type="ROUTE-BLACKBOX-DCP" Name="uart_routed_bb.dcp"/>
  <File Type="ROUTE-DRC" Name="uart_drc_routed.rpt"/>
  <File Type="ROUTE-DRC-PB" Name="uart_drc_routed.pb"/>
  <File Type="ROUTE-DRC-RPX" Name="uart_drc_routed.rpx"/>
  <File Type="BITSTR-MSK" Name="uart.msk"/>
  <File Type="ROUTE-METHODOLOGY-DRC" Name="uart_methodology_drc_routed.rpt"/>
  <File Type="BG-BGN" Name="uart.bgn"/>
  <File Type="ROUTE-METHODOLOGY-DRC-RPX" Name="uart_methodology_drc_routed.rpx"/>
  <File Type="BITSTR-RBT" Name="uart.rbt"/>
  <File Type="ROUTE-METHODOLOGY-DRC-PB" Name="uart_methodology_drc_routed.pb"/>
  <File Type="BG-BIN" Name="uart.bin"/>
  <File Type="ROUTE-PWR-RPX" Name="uart_power_routed.rpx"/>
  <File Type="ROUTE-STATUS" Name="uart_route_status.rpt"/>
  <File Type="ROUTE-STATUS-PB" Name="uart_route_status.pb"/>
  <File Type="ROUTE-TIMINGSUMMARY" Name="uart_timing_summary_routed.rpt"/>
  <File Type="ROUTE-TIMING-PB" Name="uart_timing_summary_routed.pb"/>
  <File Type="ROUTE-TIMING-RPX" Name="uart_timing_summary_routed.rpx"/>
  <File Type="ROUTE-CLK" Name="uart_clock_utilization_routed.rpt"/>
  <File Type="RDI-RDI" Name="uart.vdi"/>
  <File Type="POSTROUTE-PHYSOPT-DCP" Name="uart_postroute_physopt.dcp"/>
  <File Type="POSTROUTE-PHYSOPT-BLACKBOX-DCP" Name="uart_postroute_physopt_bb.dcp"/>
  <File Type="BITSTR-NKY" Name="uart.nky"/>
  <File Type="BITSTR-BMM" Name="uart_bd.bmm"/>
  <File Type="BITSTR-MMI" Name="uart.mmi"/>
  <File Type="BITSTR-LTX" Name="uart.ltx"/>
  <File Type="BITSTR-SYSDEF" Name="uart.sysdef"/>
  <File Type="WBT-USG" Name="usage_statistics_webtalk.html"/>
  <FileSet Name="sources" Type="DesignSrcs" RelSrcDir="$PSRCDIR/sources_1">
    <Filter Type="Srcs"/>
    <File Path="$PSRCDIR/sources_1/new/ram.vhd">
      <FileInfo>
        <Attr Name="UsedIn" Val="synthesis"/>
        <Attr Name="UsedIn" Val="simulation"/>
      </FileInfo>
    </File>
    <File Path="$PSRCDIR/sources_1/new/uart.vhd">
      <FileInfo>
        <Attr Name="UsedIn" Val="synthesis"/>
        <Attr Name="UsedIn" Val="simulation"/>
      </FileInfo>
    </File>
    <Config>
      <Option Name="DesignMode" Val="RTL"/>
      <Option Name="TopModule" Val="uart"/>
      <Option Name="TopAutoSet" Val="TRUE"/>
    </Config>
  </FileSet>
  <FileSet Name="constrs_in" Type="Constrs" RelSrcDir="$PSRCDIR/constrs_1">
    <Filter Type="Constrs"/>
    <File Path="$PSRCDIR/constrs_1/imports/Desktop/zybomaster.xdc">
      <FileInfo>
        <Attr Name="ImportPath" Val="$PPRDIR/../debouncer/debouncer.srcs/constrs_1/imports/Desktop/zybomaster.xdc"/>
        <Attr Name="ImportTime" Val="1536224782"/>
        <Attr Name="UsedIn" Val="synthesis"/>
        <Attr Name="UsedIn" Val="implementation"/>
      </FileInfo>
    </File>
    <Config>
      <Option Name="TargetConstrsFile" Val="$PSRCDIR/constrs_1/imports/Desktop/zybomaster.xdc"/>
      <Option Name="ConstrsType" Val="XDC"/>
    </Config>
  </FileSet>
  <Strategy Version="1" Minor="2">
    <StratHandle Name="Vivado Implementation Defaults" Flow="Vivado Implementation 2017"/>
    <Step Id="init_design"/>
    <Step Id="opt_design"/>
    <Step Id="power_opt_design"/>
    <Step Id="place_design"/>
    <Step Id="post_place_power_opt_design"/>
    <Step Id="phys_opt_design"/>
    <Step Id="route_design"/>
    <Step Id="post_route_phys_opt_design"/>
    <Step Id="write_bitstream"/>
  </Strategy>
</GenRun>
